PassengerId,Survived,Sex,Age,SibSp,Parch,Fare,FamilySize,Embarked_Q,Embarked_S,Pclass,Embarked_C,Family Size
1,0,,22.0,1,0,7.25,1,0,1,3,0,2
2,1,,38.0,1,0,71.2833,1,0,0,3,0,2
3,1,,26.0,0,0,7.925,0,0,1,3,0,1
4,1,,35.0,1,0,53.1,1,0,1,3,0,2
5,0,,35.0,0,0,8.05,0,0,1,3,0,1
6,0,,29.69911764705882,0,0,8.4583,0,1,0,3,0,1
7,0,,54.0,0,0,51.8625,0,0,1,3,0,1
8,0,,2.0,3,1,21.075,4,0,1,3,0,5
9,1,,27.0,0,2,11.1333,2,0,1,3,0,3
10,1,,14.0,1,0,30.0708,1,0,0,2,0,2
11,1,,4.0,1,1,16.7,2,0,1,3,0,3
12,1,,58.0,0,0,26.55,0,0,1,3,0,1
13,0,,20.0,0,0,8.05,0,0,1,3,0,1
14,0,,39.0,1,5,31.275,6,0,1,3,0,7
15,0,,14.0,0,0,7.8542,0,0,1,3,0,1
16,1,,55.0,0,0,16.0,0,0,1,2,0,1
17,0,,2.0,4,1,29.125,5,1,0,3,0,6
18,1,,29.69911764705882,0,0,13.0,0,0,1,2,0,1
19,0,,31.0,1,0,18.0,1,0,1,3,0,2
20,1,,29.69911764705882,0,0,7.225,0,0,0,3,0,1
21,0,,35.0,0,0,26.0,0,0,1,2,0,1
22,1,,34.0,0,0,13.0,0,0,1,2,0,1
23,1,,15.0,0,0,8.0292,0,1,0,3,0,1
24,1,,28.0,0,0,35.5,0,0,1,3,0,1
25,0,,8.0,3,1,21.075,4,0,1,3,0,5
26,1,,38.0,1,5,31.3875,6,0,1,3,0,7
27,0,,29.69911764705882,0,0,7.225,0,0,0,3,0,1
28,0,,19.0,3,2,263.0,5,0,1,3,0,6
29,1,,29.69911764705882,0,0,7.8792,0,1,0,3,0,1
30,0,,29.69911764705882,0,0,7.8958,0,0,1,3,0,1
31,0,,40.0,0,0,27.7208,0,0,0,3,0,1
32,1,,29.69911764705882,1,0,146.5208,1,0,0,3,0,2
33,1,,29.69911764705882,0,0,7.75,0,1,0,3,0,1
34,0,,66.0,0,0,10.5,0,0,1,2,0,1
35,0,,28.0,1,0,82.1708,1,0,0,3,0,2
36,0,,42.0,1,0,52.0,1,0,1,3,0,2
37,1,,29.69911764705882,0,0,7.2292,0,0,0,3,0,1
38,0,,21.0,0,0,8.05,0,0,1,3,0,1
39,0,,18.0,2,0,18.0,2,0,1,3,0,3
40,1,,14.0,1,0,11.2417,1,0,0,3,0,2
41,0,,40.0,1,0,9.475,1,0,1,3,0,2
42,0,,27.0,1,0,21.0,1,0,1,2,0,2
43,0,,29.69911764705882,0,0,7.8958,0,0,0,3,0,1
44,1,,3.0,1,2,41.5792,3,0,0,2,0,4
45,1,,19.0,0,0,7.8792,0,1,0,3,0,1
46,0,,29.69911764705882,0,0,8.05,0,0,1,3,0,1
47,0,,29.69911764705882,1,0,15.5,1,1,0,3,0,2
48,1,,29.69911764705882,0,0,7.75,0,1,0,3,0,1
49,0,,29.69911764705882,2,0,21.6792,2,0,0,3,0,3
50,0,,18.0,1,0,17.8,1,0,1,3,0,2
51,0,,7.0,4,1,39.6875,5,0,1,3,0,6
52,0,,21.0,0,0,7.8,0,0,1,3,0,1
53,1,,49.0,1,0,76.7292,1,0,0,3,0,2
54,1,,29.0,1,0,26.0,1,0,1,2,0,2
55,0,,65.0,0,1,61.9792,1,0,0,3,0,2
56,1,,29.69911764705882,0,0,35.5,0,0,1,3,0,1
57,1,,21.0,0,0,10.5,0,0,1,2,0,1
58,0,,28.5,0,0,7.2292,0,0,0,3,0,1
59,1,,5.0,1,2,27.75,3,0,1,2,0,4
60,0,,11.0,5,2,46.9,7,0,1,3,0,8
61,0,,22.0,0,0,7.2292,0,0,0,3,0,1
62,1,,38.0,0,0,80.0,0,0,1,3,0,1
63,0,,45.0,1,0,83.475,1,0,1,3,0,2
64,0,,4.0,3,2,27.9,5,0,1,3,0,6
65,0,,29.69911764705882,0,0,27.7208,0,0,0,3,0,1
66,1,,29.69911764705882,1,1,15.2458,2,0,0,3,0,3
67,1,,29.0,0,0,10.5,0,0,1,2,0,1
68,0,,19.0,0,0,8.1583,0,0,1,3,0,1
69,1,,17.0,4,2,7.925,6,0,1,3,0,7
70,0,,26.0,2,0,8.6625,2,0,1,3,0,3
71,0,,32.0,0,0,10.5,0,0,1,2,0,1
72,0,,16.0,5,2,46.9,7,0,1,3,0,8
73,0,,21.0,0,0,73.5,0,0,1,2,0,1
74,0,,26.0,1,0,14.4542,1,0,0,3,0,2
75,1,,32.0,0,0,56.4958,0,0,1,3,0,1
76,0,,25.0,0,0,7.65,0,0,1,3,0,1
77,0,,29.69911764705882,0,0,7.8958,0,0,1,3,0,1
78,0,,29.69911764705882,0,0,8.05,0,0,1,3,0,1
79,1,,0.83,0,2,29.0,2,0,1,2,0,3
80,1,,30.0,0,0,12.475,0,0,1,3,0,1
81,0,,22.0,0,0,9.0,0,0,1,3,0,1
82,1,,29.0,0,0,9.5,0,0,1,3,0,1
83,1,,29.69911764705882,0,0,7.7875,0,1,0,3,0,1
84,0,,28.0,0,0,47.1,0,0,1,3,0,1
85,1,,17.0,0,0,10.5,0,0,1,2,0,1
86,1,,33.0,3,0,15.85,3,0,1,3,0,4
87,0,,16.0,1,3,34.375,4,0,1,3,0,5
88,0,,29.69911764705882,0,0,8.05,0,0,1,3,0,1
89,1,,23.0,3,2,263.0,5,0,1,3,0,6
90,0,,24.0,0,0,8.05,0,0,1,3,0,1
91,0,,29.0,0,0,8.05,0,0,1,3,0,1
92,0,,20.0,0,0,7.8542,0,0,1,3,0,1
93,0,,46.0,1,0,61.175,1,0,1,3,0,2
94,0,,26.0,1,2,20.575,3,0,1,3,0,4
95,0,,59.0,0,0,7.25,0,0,1,3,0,1
96,0,,29.69911764705882,0,0,8.05,0,0,1,3,0,1
97,0,,71.0,0,0,34.6542,0,0,0,3,0,1
98,1,,23.0,0,1,63.3583,1,0,0,3,0,2
99,1,,34.0,0,1,23.0,1,0,1,2,0,2
100,0,,34.0,1,0,26.0,1,0,1,2,0,2
101,0,,28.0,0,0,7.8958,0,0,1,3,0,1
102,0,,29.69911764705882,0,0,7.8958,0,0,1,3,0,1
103,0,,21.0,0,1,77.2875,1,0,1,3,0,2
104,0,,33.0,0,0,8.6542,0,0,1,3,0,1
105,0,,37.0,2,0,7.925,2,0,1,3,0,3
106,0,,28.0,0,0,7.8958,0,0,1,3,0,1
107,1,,21.0,0,0,7.65,0,0,1,3,0,1
108,1,,29.69911764705882,0,0,7.775,0,0,1,3,0,1
109,0,,38.0,0,0,7.8958,0,0,1,3,0,1
110,1,,29.69911764705882,1,0,24.15,1,1,0,3,0,2
111,0,,47.0,0,0,52.0,0,0,1,3,0,1
112,0,,14.5,1,0,14.4542,1,0,0,3,0,2
113,0,,22.0,0,0,8.05,0,0,1,3,0,1
114,0,,20.0,1,0,9.825,1,0,1,3,0,2
115,0,,17.0,0,0,14.4583,0,0,0,3,0,1
116,0,,21.0,0,0,7.925,0,0,1,3,0,1
117,0,,70.5,0,0,7.75,0,1,0,3,0,1
118,0,,29.0,1,0,21.0,1,0,1,2,0,2
119,0,,24.0,0,1,247.5208,1,0,0,3,0,2
120,0,,2.0,4,2,31.275,6,0,1,3,0,7
121,0,,21.0,2,0,73.5,2,0,1,2,0,3
122,0,,29.69911764705882,0,0,8.05,0,0,1,3,0,1
123,0,,32.5,1,0,30.0708,1,0,0,2,0,2
124,1,,32.5,0,0,13.0,0,0,1,2,0,1
125,0,,54.0,0,1,77.2875,1,0,1,3,0,2
126,1,,12.0,1,0,11.2417,1,0,0,3,0,2
127,0,,29.69911764705882,0,0,7.75,0,1,0,3,0,1
128,1,,24.0,0,0,7.1417,0,0,1,3,0,1
129,1,,29.69911764705882,1,1,22.3583,2,0,0,3,0,3
130,0,,45.0,0,0,6.975,0,0,1,3,0,1
131,0,,33.0,0,0,7.8958,0,0,0,3,0,1
132,0,,20.0,0,0,7.05,0,0,1,3,0,1
133,0,,47.0,1,0,14.5,1,0,1,3,0,2
134,1,,29.0,1,0,26.0,1,0,1,2,0,2
135,0,,25.0,0,0,13.0,0,0,1,2,0,1
136,0,,23.0,0,0,15.0458,0,0,0,2,0,1
137,1,,19.0,0,2,26.2833,2,0,1,3,0,3
138,0,,37.0,1,0,53.1,1,0,1,3,0,2
139,0,,16.0,0,0,9.2167,0,0,1,3,0,1
140,0,,24.0,0,0,79.2,0,0,0,3,0,1
141,0,,29.69911764705882,0,2,15.2458,2,0,0,3,0,3
142,1,,22.0,0,0,7.75,0,0,1,3,0,1
143,1,,24.0,1,0,15.85,1,0,1,3,0,2
144,0,,19.0,0,0,6.75,0,1,0,3,0,1
145,0,,18.0,0,0,11.5,0,0,1,2,0,1
146,0,,19.0,1,1,36.75,2,0,1,2,0,3
147,1,,27.0,0,0,7.7958,0,0,1,3,0,1
148,0,,9.0,2,2,34.375,4,0,1,3,0,5
149,0,,36.5,0,2,26.0,2,0,1,2,0,3
150,0,,42.0,0,0,13.0,0,0,1,2,0,1
151,0,,51.0,0,0,12.525,0,0,1,2,0,1
152,1,,22.0,1,0,66.6,1,0,1,3,0,2
153,0,,55.5,0,0,8.05,0,0,1,3,0,1
154,0,,40.5,0,2,14.5,2,0,1,3,0,3
155,0,,29.69911764705882,0,0,7.3125,0,0,1,3,0,1
156,0,,51.0,0,1,61.3792,1,0,0,3,0,2
157,1,,16.0,0,0,7.7333,0,1,0,3,0,1
158,0,,30.0,0,0,8.05,0,0,1,3,0,1
159,0,,29.69911764705882,0,0,8.6625,0,0,1,3,0,1
160,0,,29.69911764705882,8,2,69.55,10,0,1,3,0,11
161,0,,44.0,0,1,16.1,1,0,1,3,0,2
162,1,,40.0,0,0,15.75,0,0,1,2,0,1
163,0,,26.0,0,0,7.775,0,0,1,3,0,1
164,0,,17.0,0,0,8.6625,0,0,1,3,0,1
165,0,,1.0,4,1,39.6875,5,0,1,3,0,6
166,1,,9.0,0,2,20.525,2,0,1,3,0,3
167,1,,29.69911764705882,0,1,55.0,1,0,1,3,0,2
168,0,,45.0,1,4,27.9,5,0,1,3,0,6
169,0,,29.69911764705882,0,0,25.925,0,0,1,3,0,1
170,0,,28.0,0,0,56.4958,0,0,1,3,0,1
171,0,,61.0,0,0,33.5,0,0,1,3,0,1
172,0,,4.0,4,1,29.125,5,1,0,3,0,6
173,1,,1.0,1,1,11.1333,2,0,1,3,0,3
174,0,,21.0,0,0,7.925,0,0,1,3,0,1
175,0,,56.0,0,0,30.6958,0,0,0,3,0,1
176,0,,18.0,1,1,7.8542,2,0,1,3,0,3
177,0,,29.69911764705882,3,1,25.4667,4,0,1,3,0,5
178,0,,50.0,0,0,28.7125,0,0,0,3,0,1
179,0,,30.0,0,0,13.0,0,0,1,2,0,1
180,0,,36.0,0,0,0.0,0,0,1,3,0,1
181,0,,29.69911764705882,8,2,69.55,10,0,1,3,0,11
182,0,,29.69911764705882,0,0,15.05,0,0,0,2,0,1
183,0,,9.0,4,2,31.3875,6,0,1,3,0,7
184,1,,1.0,2,1,39.0,3,0,1,2,0,4
185,1,,4.0,0,2,22.025,2,0,1,3,0,3
186,0,,29.69911764705882,0,0,50.0,0,0,1,3,0,1
187,1,,29.69911764705882,1,0,15.5,1,1,0,3,0,2
188,1,,45.0,0,0,26.55,0,0,1,3,0,1
189,0,,40.0,1,1,15.5,2,1,0,3,0,3
190,0,,36.0,0,0,7.8958,0,0,1,3,0,1
191,1,,32.0,0,0,13.0,0,0,1,2,0,1
192,0,,19.0,0,0,13.0,0,0,1,2,0,1
193,1,,19.0,1,0,7.8542,1,0,1,3,0,2
194,1,,3.0,1,1,26.0,2,0,1,2,0,3
195,1,,44.0,0,0,27.7208,0,0,0,3,0,1
196,1,,58.0,0,0,146.5208,0,0,0,3,0,1
197,0,,29.69911764705882,0,0,7.75,0,1,0,3,0,1
198,0,,42.0,0,1,8.4042,1,0,1,3,0,2
199,1,,29.69911764705882,0,0,7.75,0,1,0,3,0,1
200,0,,24.0,0,0,13.0,0,0,1,2,0,1
201,0,,28.0,0,0,9.5,0,0,1,3,0,1
202,0,,29.69911764705882,8,2,69.55,10,0,1,3,0,11
203,0,,34.0,0,0,6.4958,0,0,1,3,0,1
204,0,,45.5,0,0,7.225,0,0,0,3,0,1
205,1,,18.0,0,0,8.05,0,0,1,3,0,1
206,0,,2.0,0,1,10.4625,1,0,1,3,0,2
207,0,,32.0,1,0,15.85,1,0,1,3,0,2
208,1,,26.0,0,0,18.7875,0,0,0,3,0,1
209,1,,16.0,0,0,7.75,0,1,0,3,0,1
210,1,,40.0,0,0,31.0,0,0,0,3,0,1
211,0,,24.0,0,0,7.05,0,0,1,3,0,1
212,1,,35.0,0,0,21.0,0,0,1,2,0,1
213,0,,22.0,0,0,7.25,0,0,1,3,0,1
214,0,,30.0,0,0,13.0,0,0,1,2,0,1
215,0,,29.69911764705882,1,0,7.75,1,1,0,3,0,2
216,1,,31.0,1,0,113.275,1,0,0,3,0,2
217,1,,27.0,0,0,7.925,0,0,1,3,0,1
218,0,,42.0,1,0,27.0,1,0,1,2,0,2
219,1,,32.0,0,0,76.2917,0,0,0,3,0,1
220,0,,30.0,0,0,10.5,0,0,1,2,0,1
221,1,,16.0,0,0,8.05,0,0,1,3,0,1
222,0,,27.0,0,0,13.0,0,0,1,2,0,1
223,0,,51.0,0,0,8.05,0,0,1,3,0,1
224,0,,29.69911764705882,0,0,7.8958,0,0,1,3,0,1
225,1,,38.0,1,0,90.0,1,0,1,3,0,2
226,0,,22.0,0,0,9.35,0,0,1,3,0,1
227,1,,19.0,0,0,10.5,0,0,1,2,0,1
228,0,,20.5,0,0,7.25,0,0,1,3,0,1
229,0,,18.0,0,0,13.0,0,0,1,2,0,1
230,0,,29.69911764705882,3,1,25.4667,4,0,1,3,0,5
231,1,,35.0,1,0,83.475,1,0,1,3,0,2
232,0,,29.0,0,0,7.775,0,0,1,3,0,1
233,0,,59.0,0,0,13.5,0,0,1,2,0,1
234,1,,5.0,4,2,31.3875,6,0,1,3,0,7
235,0,,24.0,0,0,10.5,0,0,1,2,0,1
236,0,,29.69911764705882,0,0,7.55,0,0,1,3,0,1
237,0,,44.0,1,0,26.0,1,0,1,2,0,2
238,1,,8.0,0,2,26.25,2,0,1,2,0,3
239,0,,19.0,0,0,10.5,0,0,1,2,0,1
240,0,,33.0,0,0,12.275,0,0,1,2,0,1
241,0,,29.69911764705882,1,0,14.4542,1,0,0,3,0,2
242,1,,29.69911764705882,1,0,15.5,1,1,0,3,0,2
243,0,,29.0,0,0,10.5,0,0,1,2,0,1
244,0,,22.0,0,0,7.125,0,0,1,3,0,1
245,0,,30.0,0,0,7.225,0,0,0,3,0,1
246,0,,44.0,2,0,90.0,2,1,0,3,0,3
247,0,,25.0,0,0,7.775,0,0,1,3,0,1
248,1,,24.0,0,2,14.5,2,0,1,2,0,3
249,1,,37.0,1,1,52.5542,2,0,1,3,0,3
250,0,,54.0,1,0,26.0,1,0,1,2,0,2
251,0,,29.69911764705882,0,0,7.25,0,0,1,3,0,1
252,0,,29.0,1,1,10.4625,2,0,1,3,0,3
253,0,,62.0,0,0,26.55,0,0,1,3,0,1
254,0,,30.0,1,0,16.1,1,0,1,3,0,2
255,0,,41.0,0,2,20.2125,2,0,1,3,0,3
256,1,,29.0,0,2,15.2458,2,0,0,3,0,3
257,1,,29.69911764705882,0,0,79.2,0,0,0,3,0,1
258,1,,30.0,0,0,86.5,0,0,1,3,0,1
259,1,,35.0,0,0,512.3292,0,0,0,3,0,1
260,1,,50.0,0,1,26.0,1,0,1,2,0,2
261,0,,29.69911764705882,0,0,7.75,0,1,0,3,0,1
262,1,,3.0,4,2,31.3875,6,0,1,3,0,7
263,0,,52.0,1,1,79.65,2,0,1,3,0,3
264,0,,40.0,0,0,0.0,0,0,1,3,0,1
265,0,,29.69911764705882,0,0,7.75,0,1,0,3,0,1
266,0,,36.0,0,0,10.5,0,0,1,2,0,1
267,0,,16.0,4,1,39.6875,5,0,1,3,0,6
268,1,,25.0,1,0,7.775,1,0,1,3,0,2
269,1,,58.0,0,1,153.4625,1,0,1,3,0,2
270,1,,35.0,0,0,135.6333,0,0,1,3,0,1
271,0,,29.69911764705882,0,0,31.0,0,0,1,3,0,1
272,1,,25.0,0,0,0.0,0,0,1,3,0,1
273,1,,41.0,0,1,19.5,1,0,1,2,0,2
274,0,,37.0,0,1,29.7,1,0,0,3,0,2
275,1,,29.69911764705882,0,0,7.75,0,1,0,3,0,1
276,1,,63.0,1,0,77.9583,1,0,1,3,0,2
277,0,,45.0,0,0,7.75,0,0,1,3,0,1
278,0,,29.69911764705882,0,0,0.0,0,0,1,2,0,1
279,0,,7.0,4,1,29.125,5,1,0,3,0,6
280,1,,35.0,1,1,20.25,2,0,1,3,0,3
281,0,,65.0,0,0,7.75,0,1,0,3,0,1
282,0,,28.0,0,0,7.8542,0,0,1,3,0,1
283,0,,16.0,0,0,9.5,0,0,1,3,0,1
284,1,,19.0,0,0,8.05,0,0,1,3,0,1
285,0,,29.69911764705882,0,0,26.0,0,0,1,3,0,1
286,0,,33.0,0,0,8.6625,0,0,0,3,0,1
287,1,,30.0,0,0,9.5,0,0,1,3,0,1
288,0,,22.0,0,0,7.8958,0,0,1,3,0,1
289,1,,42.0,0,0,13.0,0,0,1,2,0,1
290,1,,22.0,0,0,7.75,0,1,0,3,0,1
291,1,,26.0,0,0,78.85,0,0,1,3,0,1
292,1,,19.0,1,0,91.0792,1,0,0,3,0,2
293,0,,36.0,0,0,12.875,0,0,0,2,0,1
294,0,,24.0,0,0,8.85,0,0,1,3,0,1
295,0,,24.0,0,0,7.8958,0,0,1,3,0,1
296,0,,29.69911764705882,0,0,27.7208,0,0,0,3,0,1
297,0,,23.5,0,0,7.2292,0,0,0,3,0,1
298,0,,2.0,1,2,151.55,3,0,1,3,0,4
299,1,,29.69911764705882,0,0,30.5,0,0,1,3,0,1
300,1,,50.0,0,1,247.5208,1,0,0,3,0,2
301,1,,29.69911764705882,0,0,7.75,0,1,0,3,0,1
302,1,,29.69911764705882,2,0,23.25,2,1,0,3,0,3
303,0,,19.0,0,0,0.0,0,0,1,3,0,1
304,1,,29.69911764705882,0,0,12.35,0,1,0,2,0,1
305,0,,29.69911764705882,0,0,8.05,0,0,1,3,0,1
306,1,,0.92,1,2,151.55,3,0,1,3,0,4
307,1,,29.69911764705882,0,0,110.8833,0,0,0,3,0,1
308,1,,17.0,1,0,108.9,1,0,0,3,0,2
309,0,,30.0,1,0,24.0,1,0,0,2,0,2
310,1,,30.0,0,0,56.9292,0,0,0,3,0,1
311,1,,24.0,0,0,83.1583,0,0,0,3,0,1
312,1,,18.0,2,2,262.375,4,0,0,3,0,5
313,0,,26.0,1,1,26.0,2,0,1,2,0,3
314,0,,28.0,0,0,7.8958,0,0,1,3,0,1
315,0,,43.0,1,1,26.25,2,0,1,2,0,3
316,1,,26.0,0,0,7.8542,0,0,1,3,0,1
317,1,,24.0,1,0,26.0,1,0,1,2,0,2
318,0,,54.0,0,0,14.0,0,0,1,2,0,1
319,1,,31.0,0,2,164.8667,2,0,1,3,0,3
320,1,,40.0,1,1,134.5,2,0,0,3,0,3
321,0,,22.0,0,0,7.25,0,0,1,3,0,1
322,0,,27.0,0,0,7.8958,0,0,1,3,0,1
323,1,,30.0,0,0,12.35,0,1,0,2,0,1
324,1,,22.0,1,1,29.0,2,0,1,2,0,3
325,0,,29.69911764705882,8,2,69.55,10,0,1,3,0,11
326,1,,36.0,0,0,135.6333,0,0,0,3,0,1
327,0,,61.0,0,0,6.2375,0,0,1,3,0,1
328,1,,36.0,0,0,13.0,0,0,1,2,0,1
329,1,,31.0,1,1,20.525,2,0,1,3,0,3
330,1,,16.0,0,1,57.9792,1,0,0,3,0,2
331,1,,29.69911764705882,2,0,23.25,2,1,0,3,0,3
332,0,,45.5,0,0,28.5,0,0,1,3,0,1
333,0,,38.0,0,1,153.4625,1,0,1,3,0,2
334,0,,16.0,2,0,18.0,2,0,1,3,0,3
335,1,,29.69911764705882,1,0,133.65,1,0,1,3,0,2
336,0,,29.69911764705882,0,0,7.8958,0,0,1,3,0,1
337,0,,29.0,1,0,66.6,1,0,1,3,0,2
338,1,,41.0,0,0,134.5,0,0,0,3,0,1
339,1,,45.0,0,0,8.05,0,0,1,3,0,1
340,0,,45.0,0,0,35.5,0,0,1,3,0,1
341,1,,2.0,1,1,26.0,2,0,1,2,0,3
342,1,,24.0,3,2,263.0,5,0,1,3,0,6
343,0,,28.0,0,0,13.0,0,0,1,2,0,1
344,0,,25.0,0,0,13.0,0,0,1,2,0,1
345,0,,36.0,0,0,13.0,0,0,1,2,0,1
346,1,,24.0,0,0,13.0,0,0,1,2,0,1
347,1,,40.0,0,0,13.0,0,0,1,2,0,1
348,1,,29.69911764705882,1,0,16.1,1,0,1,3,0,2
349,1,,3.0,1,1,15.9,2,0,1,3,0,3
350,0,,42.0,0,0,8.6625,0,0,1,3,0,1
351,0,,23.0,0,0,9.225,0,0,1,3,0,1
352,0,,29.69911764705882,0,0,35.0,0,0,1,3,0,1
353,0,,15.0,1,1,7.2292,2,0,0,3,0,3
354,0,,25.0,1,0,17.8,1,0,1,3,0,2
355,0,,29.69911764705882,0,0,7.225,0,0,0,3,0,1
356,0,,28.0,0,0,9.5,0,0,1,3,0,1
357,1,,22.0,0,1,55.0,1,0,1,3,0,2
358,0,,38.0,0,0,13.0,0,0,1,2,0,1
359,1,,29.69911764705882,0,0,7.8792,0,1,0,3,0,1
360,1,,29.69911764705882,0,0,7.8792,0,1,0,3,0,1
361,0,,40.0,1,4,27.9,5,0,1,3,0,6
362,0,,29.0,1,0,27.7208,1,0,0,2,0,2
363,0,,45.0,0,1,14.4542,1,0,0,3,0,2
364,0,,35.0,0,0,7.05,0,0,1,3,0,1
365,0,,29.69911764705882,1,0,15.5,1,1,0,3,0,2
366,0,,30.0,0,0,7.25,0,0,1,3,0,1
367,1,,60.0,1,0,75.25,1,0,0,3,0,2
368,1,,29.69911764705882,0,0,7.2292,0,0,0,3,0,1
369,1,,29.69911764705882,0,0,7.75,0,1,0,3,0,1
370,1,,24.0,0,0,69.3,0,0,0,3,0,1
371,1,,25.0,1,0,55.4417,1,0,0,3,0,2
372,0,,18.0,1,0,6.4958,1,0,1,3,0,2
373,0,,19.0,0,0,8.05,0,0,1,3,0,1
374,0,,22.0,0,0,135.6333,0,0,0,3,0,1
375,0,,3.0,3,1,21.075,4,0,1,3,0,5
376,1,,29.69911764705882,1,0,82.1708,1,0,0,3,0,2
377,1,,22.0,0,0,7.25,0,0,1,3,0,1
378,0,,27.0,0,2,211.5,2,0,0,3,0,3
379,0,,20.0,0,0,4.0125,0,0,0,3,0,1
380,0,,19.0,0,0,7.775,0,0,1,3,0,1
381,1,,42.0,0,0,227.525,0,0,0,3,0,1
382,1,,1.0,0,2,15.7417,2,0,0,3,0,3
383,0,,32.0,0,0,7.925,0,0,1,3,0,1
384,1,,35.0,1,0,52.0,1,0,1,3,0,2
385,0,,29.69911764705882,0,0,7.8958,0,0,1,3,0,1
386,0,,18.0,0,0,73.5,0,0,1,2,0,1
387,0,,1.0,5,2,46.9,7,0,1,3,0,8
388,1,,36.0,0,0,13.0,0,0,1,2,0,1
389,0,,29.69911764705882,0,0,7.7292,0,1,0,3,0,1
390,1,,17.0,0,0,12.0,0,0,0,2,0,1
391,1,,36.0,1,2,120.0,3,0,1,3,0,4
392,1,,21.0,0,0,7.7958,0,0,1,3,0,1
393,0,,28.0,2,0,7.925,2,0,1,3,0,3
394,1,,23.0,1,0,113.275,1,0,0,3,0,2
395,1,,24.0,0,2,16.7,2,0,1,3,0,3
396,0,,22.0,0,0,7.7958,0,0,1,3,0,1
397,0,,31.0,0,0,7.8542,0,0,1,3,0,1
398,0,,46.0,0,0,26.0,0,0,1,2,0,1
399,0,,23.0,0,0,10.5,0,0,1,2,0,1
400,1,,28.0,0,0,12.65,0,0,1,2,0,1
401,1,,39.0,0,0,7.925,0,0,1,3,0,1
402,0,,26.0,0,0,8.05,0,0,1,3,0,1
403,0,,21.0,1,0,9.825,1,0,1,3,0,2
404,0,,28.0,1,0,15.85,1,0,1,3,0,2
405,0,,20.0,0,0,8.6625,0,0,1,3,0,1
406,0,,34.0,1,0,21.0,1,0,1,2,0,2
407,0,,51.0,0,0,7.75,0,0,1,3,0,1
408,1,,3.0,1,1,18.75,2,0,1,2,0,3
409,0,,21.0,0,0,7.775,0,0,1,3,0,1
410,0,,29.69911764705882,3,1,25.4667,4,0,1,3,0,5
411,0,,29.69911764705882,0,0,7.8958,0,0,1,3,0,1
412,0,,29.69911764705882,0,0,6.8583,0,1,0,3,0,1
413,1,,33.0,1,0,90.0,1,1,0,3,0,2
414,0,,29.69911764705882,0,0,0.0,0,0,1,2,0,1
415,1,,44.0,0,0,7.925,0,0,1,3,0,1
416,0,,29.69911764705882,0,0,8.05,0,0,1,3,0,1
417,1,,34.0,1,1,32.5,2,0,1,2,0,3
418,1,,18.0,0,2,13.0,2,0,1,2,0,3
419,0,,30.0,0,0,13.0,0,0,1,2,0,1
420,0,,10.0,0,2,24.15,2,0,1,3,0,3
421,0,,29.69911764705882,0,0,7.8958,0,0,0,3,0,1
422,0,,21.0,0,0,7.7333,0,1,0,3,0,1
423,0,,29.0,0,0,7.875,0,0,1,3,0,1
424,0,,28.0,1,1,14.4,2,0,1,3,0,3
425,0,,18.0,1,1,20.2125,2,0,1,3,0,3
426,0,,29.69911764705882,0,0,7.25,0,0,1,3,0,1
427,1,,28.0,1,0,26.0,1,0,1,2,0,2
428,1,,19.0,0,0,26.0,0,0,1,2,0,1
429,0,,29.69911764705882,0,0,7.75,0,1,0,3,0,1
430,1,,32.0,0,0,8.05,0,0,1,3,0,1
431,1,,28.0,0,0,26.55,0,0,1,3,0,1
432,1,,29.69911764705882,1,0,16.1,1,0,1,3,0,2
433,1,,42.0,1,0,26.0,1,0,1,2,0,2
434,0,,17.0,0,0,7.125,0,0,1,3,0,1
435,0,,50.0,1,0,55.9,1,0,1,3,0,2
436,1,,14.0,1,2,120.0,3,0,1,3,0,4
437,0,,21.0,2,2,34.375,4,0,1,3,0,5
438,1,,24.0,2,3,18.75,5,0,1,2,0,6
439,0,,64.0,1,4,263.0,5,0,1,3,0,6
440,0,,31.0,0,0,10.5,0,0,1,2,0,1
441,1,,45.0,1,1,26.25,2,0,1,2,0,3
442,0,,20.0,0,0,9.5,0,0,1,3,0,1
443,0,,25.0,1,0,7.775,1,0,1,3,0,2
444,1,,28.0,0,0,13.0,0,0,1,2,0,1
445,1,,29.69911764705882,0,0,8.1125,0,0,1,3,0,1
446,1,,4.0,0,2,81.8583,2,0,1,3,0,3
447,1,,13.0,0,1,19.5,1,0,1,2,0,2
448,1,,34.0,0,0,26.55,0,0,1,3,0,1
449,1,,5.0,2,1,19.2583,3,0,0,3,0,4
450,1,,52.0,0,0,30.5,0,0,1,3,0,1
451,0,,36.0,1,2,27.75,3,0,1,2,0,4
452,0,,29.69911764705882,1,0,19.9667,1,0,1,3,0,2
453,0,,30.0,0,0,27.75,0,0,0,3,0,1
454,1,,49.0,1,0,89.1042,1,0,0,3,0,2
455,0,,29.69911764705882,0,0,8.05,0,0,1,3,0,1
456,1,,29.0,0,0,7.8958,0,0,0,3,0,1
457,0,,65.0,0,0,26.55,0,0,1,3,0,1
458,1,,29.69911764705882,1,0,51.8625,1,0,1,3,0,2
459,1,,50.0,0,0,10.5,0,0,1,2,0,1
460,0,,29.69911764705882,0,0,7.75,0,1,0,3,0,1
461,1,,48.0,0,0,26.55,0,0,1,3,0,1
462,0,,34.0,0,0,8.05,0,0,1,3,0,1
463,0,,47.0,0,0,38.5,0,0,1,3,0,1
464,0,,48.0,0,0,13.0,0,0,1,2,0,1
465,0,,29.69911764705882,0,0,8.05,0,0,1,3,0,1
466,0,,38.0,0,0,7.05,0,0,1,3,0,1
467,0,,29.69911764705882,0,0,0.0,0,0,1,2,0,1
468,0,,56.0,0,0,26.55,0,0,1,3,0,1
469,0,,29.69911764705882,0,0,7.725,0,1,0,3,0,1
470,1,,0.75,2,1,19.2583,3,0,0,3,0,4
471,0,,29.69911764705882,0,0,7.25,0,0,1,3,0,1
472,0,,38.0,0,0,8.6625,0,0,1,3,0,1
473,1,,33.0,1,2,27.75,3,0,1,2,0,4
474,1,,23.0,0,0,13.7917,0,0,0,2,0,1
475,0,,22.0,0,0,9.8375,0,0,1,3,0,1
476,0,,29.69911764705882,0,0,52.0,0,0,1,3,0,1
477,0,,34.0,1,0,21.0,1,0,1,2,0,2
478,0,,29.0,1,0,7.0458,1,0,1,3,0,2
479,0,,22.0,0,0,7.5208,0,0,1,3,0,1
480,1,,2.0,0,1,12.2875,1,0,1,3,0,2
481,0,,9.0,5,2,46.9,7,0,1,3,0,8
482,0,,29.69911764705882,0,0,0.0,0,0,1,2,0,1
483,0,,50.0,0,0,8.05,0,0,1,3,0,1
484,1,,63.0,0,0,9.5875,0,0,1,3,0,1
485,1,,25.0,1,0,91.0792,1,0,0,3,0,2
486,0,,29.69911764705882,3,1,25.4667,4,0,1,3,0,5
487,1,,35.0,1,0,90.0,1,0,1,3,0,2
488,0,,58.0,0,0,29.7,0,0,0,3,0,1
489,0,,30.0,0,0,8.05,0,0,1,3,0,1
490,1,,9.0,1,1,15.9,2,0,1,3,0,3
491,0,,29.69911764705882,1,0,19.9667,1,0,1,3,0,2
492,0,,21.0,0,0,7.25,0,0,1,3,0,1
493,0,,55.0,0,0,30.5,0,0,1,3,0,1
494,0,,71.0,0,0,49.5042,0,0,0,3,0,1
495,0,,21.0,0,0,8.05,0,0,1,3,0,1
496,0,,29.69911764705882,0,0,14.4583,0,0,0,3,0,1
497,1,,54.0,1,0,78.2667,1,0,0,3,0,2
498,0,,29.69911764705882,0,0,15.1,0,0,1,3,0,1
499,0,,25.0,1,2,151.55,3,0,1,3,0,4
500,0,,24.0,0,0,7.7958,0,0,1,3,0,1
501,0,,17.0,0,0,8.6625,0,0,1,3,0,1
502,0,,21.0,0,0,7.75,0,1,0,3,0,1
503,0,,29.69911764705882,0,0,7.6292,0,1,0,3,0,1
504,0,,37.0,0,0,9.5875,0,0,1,3,0,1
505,1,,16.0,0,0,86.5,0,0,1,3,0,1
506,0,,18.0,1,0,108.9,1,0,0,3,0,2
507,1,,33.0,0,2,26.0,2,0,1,2,0,3
508,1,,29.69911764705882,0,0,26.55,0,0,1,3,0,1
509,0,,28.0,0,0,22.525,0,0,1,3,0,1
510,1,,26.0,0,0,56.4958,0,0,1,3,0,1
511,1,,29.0,0,0,7.75,0,1,0,3,0,1
512,0,,29.69911764705882,0,0,8.05,0,0,1,3,0,1
513,1,,36.0,0,0,26.2875,0,0,1,3,0,1
514,1,,54.0,1,0,59.4,1,0,0,3,0,2
515,0,,24.0,0,0,7.4958,0,0,1,3,0,1
516,0,,47.0,0,0,34.0208,0,0,1,3,0,1
517,1,,34.0,0,0,10.5,0,0,1,2,0,1
518,0,,29.69911764705882,0,0,24.15,0,1,0,3,0,1
519,1,,36.0,1,0,26.0,1,0,1,2,0,2
520,0,,32.0,0,0,7.8958,0,0,1,3,0,1
521,1,,30.0,0,0,93.5,0,0,1,3,0,1
522,0,,22.0,0,0,7.8958,0,0,1,3,0,1
523,0,,29.69911764705882,0,0,7.225,0,0,0,3,0,1
524,1,,44.0,0,1,57.9792,1,0,0,3,0,2
525,0,,29.69911764705882,0,0,7.2292,0,0,0,3,0,1
526,0,,40.5,0,0,7.75,0,1,0,3,0,1
527,1,,50.0,0,0,10.5,0,0,1,2,0,1
528,0,,29.69911764705882,0,0,221.7792,0,0,1,3,0,1
529,0,,39.0,0,0,7.925,0,0,1,3,0,1
530,0,,23.0,2,1,11.5,3,0,1,2,0,4
531,1,,2.0,1,1,26.0,2,0,1,2,0,3
532,0,,29.69911764705882,0,0,7.2292,0,0,0,3,0,1
533,0,,17.0,1,1,7.2292,2,0,0,3,0,3
534,1,,29.69911764705882,0,2,22.3583,2,0,0,3,0,3
535,0,,30.0,0,0,8.6625,0,0,1,3,0,1
536,1,,7.0,0,2,26.25,2,0,1,2,0,3
537,0,,45.0,0,0,26.55,0,0,1,3,0,1
538,1,,30.0,0,0,106.425,0,0,0,3,0,1
539,0,,29.69911764705882,0,0,14.5,0,0,1,3,0,1
540,1,,22.0,0,2,49.5,2,0,0,3,0,3
541,1,,36.0,0,2,71.0,2,0,1,3,0,3
542,0,,9.0,4,2,31.275,6,0,1,3,0,7
543,0,,11.0,4,2,31.275,6,0,1,3,0,7
544,1,,32.0,1,0,26.0,1,0,1,2,0,2
545,0,,50.0,1,0,106.425,1,0,0,3,0,2
546,0,,64.0,0,0,26.0,0,0,1,3,0,1
547,1,,19.0,1,0,26.0,1,0,1,2,0,2
548,1,,29.69911764705882,0,0,13.8625,0,0,0,2,0,1
549,0,,33.0,1,1,20.525,2,0,1,3,0,3
550,1,,8.0,1,1,36.75,2,0,1,2,0,3
551,1,,17.0,0,2,110.8833,2,0,0,3,0,3
552,0,,27.0,0,0,26.0,0,0,1,2,0,1
553,0,,29.69911764705882,0,0,7.8292,0,1,0,3,0,1
554,1,,22.0,0,0,7.225,0,0,0,3,0,1
555,1,,22.0,0,0,7.775,0,0,1,3,0,1
556,0,,62.0,0,0,26.55,0,0,1,3,0,1
557,1,,48.0,1,0,39.6,1,0,0,3,0,2
558,0,,29.69911764705882,0,0,227.525,0,0,0,3,0,1
559,1,,39.0,1,1,79.65,2,0,1,3,0,3
560,1,,36.0,1,0,17.4,1,0,1,3,0,2
561,0,,29.69911764705882,0,0,7.75,0,1,0,3,0,1
562,0,,40.0,0,0,7.8958,0,0,1,3,0,1
563,0,,28.0,0,0,13.5,0,0,1,2,0,1
564,0,,29.69911764705882,0,0,8.05,0,0,1,3,0,1
565,0,,29.69911764705882,0,0,8.05,0,0,1,3,0,1
566,0,,24.0,2,0,24.15,2,0,1,3,0,3
567,0,,19.0,0,0,7.8958,0,0,1,3,0,1
568,0,,29.0,0,4,21.075,4,0,1,3,0,5
569,0,,29.69911764705882,0,0,7.2292,0,0,0,3,0,1
570,1,,32.0,0,0,7.8542,0,0,1,3,0,1
571,1,,62.0,0,0,10.5,0,0,1,2,0,1
572,1,,53.0,2,0,51.4792,2,0,1,3,0,3
573,1,,36.0,0,0,26.3875,0,0,1,3,0,1
574,1,,29.69911764705882,0,0,7.75,0,1,0,3,0,1
575,0,,16.0,0,0,8.05,0,0,1,3,0,1
576,0,,19.0,0,0,14.5,0,0,1,3,0,1
577,1,,34.0,0,0,13.0,0,0,1,2,0,1
578,1,,39.0,1,0,55.9,1,0,1,3,0,2
579,0,,29.69911764705882,1,0,14.4583,1,0,0,3,0,2
580,1,,32.0,0,0,7.925,0,0,1,3,0,1
581,1,,25.0,1,1,30.0,2,0,1,2,0,3
582,1,,39.0,1,1,110.8833,2,0,0,3,0,3
583,0,,54.0,0,0,26.0,0,0,1,2,0,1
584,0,,36.0,0,0,40.125,0,0,0,3,0,1
585,0,,29.69911764705882,0,0,8.7125,0,0,0,3,0,1
586,1,,18.0,0,2,79.65,2,0,1,3,0,3
587,0,,47.0,0,0,15.0,0,0,1,2,0,1
588,1,,60.0,1,1,79.2,2,0,0,3,0,3
589,0,,22.0,0,0,8.05,0,0,1,3,0,1
590,0,,29.69911764705882,0,0,8.05,0,0,1,3,0,1
591,0,,35.0,0,0,7.125,0,0,1,3,0,1
592,1,,52.0,1,0,78.2667,1,0,0,3,0,2
593,0,,47.0,0,0,7.25,0,0,1,3,0,1
594,0,,29.69911764705882,0,2,7.75,2,1,0,3,0,3
595,0,,37.0,1,0,26.0,1,0,1,2,0,2
596,0,,36.0,1,1,24.15,2,0,1,3,0,3
597,1,,29.69911764705882,0,0,33.0,0,0,1,2,0,1
598,0,,49.0,0,0,0.0,0,0,1,3,0,1
599,0,,29.69911764705882,0,0,7.225,0,0,0,3,0,1
600,1,,49.0,1,0,56.9292,1,0,0,3,0,2
601,1,,24.0,2,1,27.0,3,0,1,2,0,4
602,0,,29.69911764705882,0,0,7.8958,0,0,1,3,0,1
603,0,,29.69911764705882,0,0,42.4,0,0,1,3,0,1
604,0,,44.0,0,0,8.05,0,0,1,3,0,1
605,1,,35.0,0,0,26.55,0,0,0,3,0,1
606,0,,36.0,1,0,15.55,1,0,1,3,0,2
607,0,,30.0,0,0,7.8958,0,0,1,3,0,1
608,1,,27.0,0,0,30.5,0,0,1,3,0,1
609,1,,22.0,1,2,41.5792,3,0,0,2,0,4
610,1,,40.0,0,0,153.4625,0,0,1,3,0,1
611,0,,39.0,1,5,31.275,6,0,1,3,0,7
612,0,,29.69911764705882,0,0,7.05,0,0,1,3,0,1
613,1,,29.69911764705882,1,0,15.5,1,1,0,3,0,2
614,0,,29.69911764705882,0,0,7.75,0,1,0,3,0,1
615,0,,35.0,0,0,8.05,0,0,1,3,0,1
616,1,,24.0,1,2,65.0,3,0,1,2,0,4
617,0,,34.0,1,1,14.4,2,0,1,3,0,3
618,0,,26.0,1,0,16.1,1,0,1,3,0,2
619,1,,4.0,2,1,39.0,3,0,1,2,0,4
620,0,,26.0,0,0,10.5,0,0,1,2,0,1
621,0,,27.0,1,0,14.4542,1,0,0,3,0,2
622,1,,42.0,1,0,52.5542,1,0,1,3,0,2
623,1,,20.0,1,1,15.7417,2,0,0,3,0,3
624,0,,21.0,0,0,7.8542,0,0,1,3,0,1
625,0,,21.0,0,0,16.1,0,0,1,3,0,1
626,0,,61.0,0,0,32.3208,0,0,1,3,0,1
627,0,,57.0,0,0,12.35,0,1,0,2,0,1
628,1,,21.0,0,0,77.9583,0,0,1,3,0,1
629,0,,26.0,0,0,7.8958,0,0,1,3,0,1
630,0,,29.69911764705882,0,0,7.7333,0,1,0,3,0,1
631,1,,80.0,0,0,30.0,0,0,1,3,0,1
632,0,,51.0,0,0,7.0542,0,0,1,3,0,1
633,1,,32.0,0,0,30.5,0,0,0,3,0,1
634,0,,29.69911764705882,0,0,0.0,0,0,1,3,0,1
635,0,,9.0,3,2,27.9,5,0,1,3,0,6
636,1,,28.0,0,0,13.0,0,0,1,2,0,1
637,0,,32.0,0,0,7.925,0,0,1,3,0,1
638,0,,31.0,1,1,26.25,2,0,1,2,0,3
639,0,,41.0,0,5,39.6875,5,0,1,3,0,6
640,0,,29.69911764705882,1,0,16.1,1,0,1,3,0,2
641,0,,20.0,0,0,7.8542,0,0,1,3,0,1
642,1,,24.0,0,0,69.3,0,0,0,3,0,1
643,0,,2.0,3,2,27.9,5,0,1,3,0,6
644,1,,29.69911764705882,0,0,56.4958,0,0,1,3,0,1
645,1,,0.75,2,1,19.2583,3,0,0,3,0,4
646,1,,48.0,1,0,76.7292,1,0,0,3,0,2
647,0,,19.0,0,0,7.8958,0,0,1,3,0,1
648,1,,56.0,0,0,35.5,0,0,0,3,0,1
649,0,,29.69911764705882,0,0,7.55,0,0,1,3,0,1
650,1,,23.0,0,0,7.55,0,0,1,3,0,1
651,0,,29.69911764705882,0,0,7.8958,0,0,1,3,0,1
652,1,,18.0,0,1,23.0,1,0,1,2,0,2
653,0,,21.0,0,0,8.4333,0,0,1,3,0,1
654,1,,29.69911764705882,0,0,7.8292,0,1,0,3,0,1
655,0,,18.0,0,0,6.75,0,1,0,3,0,1
656,0,,24.0,2,0,73.5,2,0,1,2,0,3
657,0,,29.69911764705882,0,0,7.8958,0,0,1,3,0,1
658,0,,32.0,1,1,15.5,2,1,0,3,0,3
659,0,,23.0,0,0,13.0,0,0,1,2,0,1
660,0,,58.0,0,2,113.275,2,0,0,3,0,3
661,1,,50.0,2,0,133.65,2,0,1,3,0,3
662,0,,40.0,0,0,7.225,0,0,0,3,0,1
663,0,,47.0,0,0,25.5875,0,0,1,3,0,1
664,0,,36.0,0,0,7.4958,0,0,1,3,0,1
665,1,,20.0,1,0,7.925,1,0,1,3,0,2
666,0,,32.0,2,0,73.5,2,0,1,2,0,3
667,0,,25.0,0,0,13.0,0,0,1,2,0,1
668,0,,29.69911764705882,0,0,7.775,0,0,1,3,0,1
669,0,,43.0,0,0,8.05,0,0,1,3,0,1
670,1,,29.69911764705882,1,0,52.0,1,0,1,3,0,2
671,1,,40.0,1,1,39.0,2,0,1,2,0,3
672,0,,31.0,1,0,52.0,1,0,1,3,0,2
673,0,,70.0,0,0,10.5,0,0,1,2,0,1
674,1,,31.0,0,0,13.0,0,0,1,2,0,1
675,0,,29.69911764705882,0,0,0.0,0,0,1,2,0,1
676,0,,18.0,0,0,7.775,0,0,1,3,0,1
677,0,,24.5,0,0,8.05,0,0,1,3,0,1
678,1,,18.0,0,0,9.8417,0,0,1,3,0,1
679,0,,43.0,1,6,46.9,7,0,1,3,0,8
680,1,,36.0,0,1,512.3292,1,0,0,3,0,2
681,0,,29.69911764705882,0,0,8.1375,0,1,0,3,0,1
682,1,,27.0,0,0,76.7292,0,0,0,3,0,1
683,0,,20.0,0,0,9.225,0,0,1,3,0,1
684,0,,14.0,5,2,46.9,7,0,1,3,0,8
685,0,,60.0,1,1,39.0,2,0,1,2,0,3
686,0,,25.0,1,2,41.5792,3,0,0,2,0,4
687,0,,14.0,4,1,39.6875,5,0,1,3,0,6
688,0,,19.0,0,0,10.1708,0,0,1,3,0,1
689,0,,18.0,0,0,7.7958,0,0,1,3,0,1
690,1,,15.0,0,1,211.3375,1,0,1,3,0,2
691,1,,31.0,1,0,57.0,1,0,1,3,0,2
692,1,,4.0,0,1,13.4167,1,0,0,3,0,2
693,1,,29.69911764705882,0,0,56.4958,0,0,1,3,0,1
694,0,,25.0,0,0,7.225,0,0,0,3,0,1
695,0,,60.0,0,0,26.55,0,0,1,3,0,1
696,0,,52.0,0,0,13.5,0,0,1,2,0,1
697,0,,44.0,0,0,8.05,0,0,1,3,0,1
698,1,,29.69911764705882,0,0,7.7333,0,1,0,3,0,1
699,0,,49.0,1,1,110.8833,2,0,0,3,0,3
700,0,,42.0,0,0,7.65,0,0,1,3,0,1
701,1,,18.0,1,0,227.525,1,0,0,3,0,2
702,1,,35.0,0,0,26.2875,0,0,1,3,0,1
703,0,,18.0,0,1,14.4542,1,0,0,3,0,2
704,0,,25.0,0,0,7.7417,0,1,0,3,0,1
705,0,,26.0,1,0,7.8542,1,0,1,3,0,2
706,0,,39.0,0,0,26.0,0,0,1,2,0,1
707,1,,45.0,0,0,13.5,0,0,1,2,0,1
708,1,,42.0,0,0,26.2875,0,0,1,3,0,1
709,1,,22.0,0,0,151.55,0,0,1,3,0,1
710,1,,29.69911764705882,1,1,15.2458,2,0,0,3,0,3
711,1,,24.0,0,0,49.5042,0,0,0,3,0,1
712,0,,29.69911764705882,0,0,26.55,0,0,1,3,0,1
713,1,,48.0,1,0,52.0,1,0,1,3,0,2
714,0,,29.0,0,0,9.4833,0,0,1,3,0,1
715,0,,52.0,0,0,13.0,0,0,1,2,0,1
716,0,,19.0,0,0,7.65,0,0,1,3,0,1
717,1,,38.0,0,0,227.525,0,0,0,3,0,1
718,1,,27.0,0,0,10.5,0,0,1,2,0,1
719,0,,29.69911764705882,0,0,15.5,0,1,0,3,0,1
720,0,,33.0,0,0,7.775,0,0,1,3,0,1
721,1,,6.0,0,1,33.0,1,0,1,2,0,2
722,0,,17.0,1,0,7.0542,1,0,1,3,0,2
723,0,,34.0,0,0,13.0,0,0,1,2,0,1
724,0,,50.0,0,0,13.0,0,0,1,2,0,1
725,1,,27.0,1,0,53.1,1,0,1,3,0,2
726,0,,20.0,0,0,8.6625,0,0,1,3,0,1
727,1,,30.0,3,0,21.0,3,0,1,2,0,4
728,1,,29.69911764705882,0,0,7.7375,0,1,0,3,0,1
729,0,,25.0,1,0,26.0,1,0,1,2,0,2
730,0,,25.0,1,0,7.925,1,0,1,3,0,2
731,1,,29.0,0,0,211.3375,0,0,1,3,0,1
732,0,,11.0,0,0,18.7875,0,0,0,3,0,1
733,0,,29.69911764705882,0,0,0.0,0,0,1,2,0,1
734,0,,23.0,0,0,13.0,0,0,1,2,0,1
735,0,,23.0,0,0,13.0,0,0,1,2,0,1
736,0,,28.5,0,0,16.1,0,0,1,3,0,1
737,0,,48.0,1,3,34.375,4,0,1,3,0,5
738,1,,35.0,0,0,512.3292,0,0,0,3,0,1
739,0,,29.69911764705882,0,0,7.8958,0,0,1,3,0,1
740,0,,29.69911764705882,0,0,7.8958,0,0,1,3,0,1
741,1,,29.69911764705882,0,0,30.0,0,0,1,3,0,1
742,0,,36.0,1,0,78.85,1,0,1,3,0,2
743,1,,21.0,2,2,262.375,4,0,0,3,0,5
744,0,,24.0,1,0,16.1,1,0,1,3,0,2
745,1,,31.0,0,0,7.925,0,0,1,3,0,1
746,0,,70.0,1,1,71.0,2,0,1,3,0,3
747,0,,16.0,1,1,20.25,2,0,1,3,0,3
748,1,,30.0,0,0,13.0,0,0,1,2,0,1
749,0,,19.0,1,0,53.1,1,0,1,3,0,2
750,0,,31.0,0,0,7.75,0,1,0,3,0,1
751,1,,4.0,1,1,23.0,2,0,1,2,0,3
752,1,,6.0,0,1,12.475,1,0,1,3,0,2
753,0,,33.0,0,0,9.5,0,0,1,3,0,1
754,0,,23.0,0,0,7.8958,0,0,1,3,0,1
755,1,,48.0,1,2,65.0,3,0,1,2,0,4
756,1,,0.67,1,1,14.5,2,0,1,2,0,3
757,0,,28.0,0,0,7.7958,0,0,1,3,0,1
758,0,,18.0,0,0,11.5,0,0,1,2,0,1
759,0,,34.0,0,0,8.05,0,0,1,3,0,1
760,1,,33.0,0,0,86.5,0,0,1,3,0,1
761,0,,29.69911764705882,0,0,14.5,0,0,1,3,0,1
762,0,,41.0,0,0,7.125,0,0,1,3,0,1
763,1,,20.0,0,0,7.2292,0,0,0,3,0,1
764,1,,36.0,1,2,120.0,3,0,1,3,0,4
765,0,,16.0,0,0,7.775,0,0,1,3,0,1
766,1,,51.0,1,0,77.9583,1,0,1,3,0,2
767,0,,29.69911764705882,0,0,39.6,0,0,0,3,0,1
768,0,,30.5,0,0,7.75,0,1,0,3,0,1
769,0,,29.69911764705882,1,0,24.15,1,1,0,3,0,2
770,0,,32.0,0,0,8.3625,0,0,1,3,0,1
771,0,,24.0,0,0,9.5,0,0,1,3,0,1
772,0,,48.0,0,0,7.8542,0,0,1,3,0,1
773,0,,57.0,0,0,10.5,0,0,1,2,0,1
774,0,,29.69911764705882,0,0,7.225,0,0,0,3,0,1
775,1,,54.0,1,3,23.0,4,0,1,2,0,5
776,0,,18.0,0,0,7.75,0,0,1,3,0,1
777,0,,29.69911764705882,0,0,7.75,0,1,0,3,0,1
778,1,,5.0,0,0,12.475,0,0,1,3,0,1
779,0,,29.69911764705882,0,0,7.7375,0,1,0,3,0,1
780,1,,43.0,0,1,211.3375,1,0,1,3,0,2
781,1,,13.0,0,0,7.2292,0,0,0,3,0,1
782,1,,17.0,1,0,57.0,1,0,1,3,0,2
783,0,,29.0,0,0,30.0,0,0,1,3,0,1
784,0,,29.69911764705882,1,2,23.45,3,0,1,3,0,4
785,0,,25.0,0,0,7.05,0,0,1,3,0,1
786,0,,25.0,0,0,7.25,0,0,1,3,0,1
787,1,,18.0,0,0,7.4958,0,0,1,3,0,1
788,0,,8.0,4,1,29.125,5,1,0,3,0,6
789,1,,1.0,1,2,20.575,3,0,1,3,0,4
790,0,,46.0,0,0,79.2,0,0,0,3,0,1
791,0,,29.69911764705882,0,0,7.75,0,1,0,3,0,1
792,0,,16.0,0,0,26.0,0,0,1,2,0,1
793,0,,29.69911764705882,8,2,69.55,10,0,1,3,0,11
794,0,,29.69911764705882,0,0,30.6958,0,0,0,3,0,1
795,0,,25.0,0,0,7.8958,0,0,1,3,0,1
796,0,,39.0,0,0,13.0,0,0,1,2,0,1
797,1,,49.0,0,0,25.9292,0,0,1,3,0,1
798,1,,31.0,0,0,8.6833,0,0,1,3,0,1
799,0,,30.0,0,0,7.2292,0,0,0,3,0,1
800,0,,30.0,1,1,24.15,2,0,1,3,0,3
801,0,,34.0,0,0,13.0,0,0,1,2,0,1
802,1,,31.0,1,1,26.25,2,0,1,2,0,3
803,1,,11.0,1,2,120.0,3,0,1,3,0,4
804,1,,0.42,0,1,8.5167,1,0,0,3,0,2
805,1,,27.0,0,0,6.975,0,0,1,3,0,1
806,0,,31.0,0,0,7.775,0,0,1,3,0,1
807,0,,39.0,0,0,0.0,0,0,1,3,0,1
808,0,,18.0,0,0,7.775,0,0,1,3,0,1
809,0,,39.0,0,0,13.0,0,0,1,2,0,1
810,1,,33.0,1,0,53.1,1,0,1,3,0,2
811,0,,26.0,0,0,7.8875,0,0,1,3,0,1
812,0,,39.0,0,0,24.15,0,0,1,3,0,1
813,0,,35.0,0,0,10.5,0,0,1,2,0,1
814,0,,6.0,4,2,31.275,6,0,1,3,0,7
815,0,,30.5,0,0,8.05,0,0,1,3,0,1
816,0,,29.69911764705882,0,0,0.0,0,0,1,3,0,1
817,0,,23.0,0,0,7.925,0,0,1,3,0,1
818,0,,31.0,1,1,37.0042,2,0,0,2,0,3
819,0,,43.0,0,0,6.45,0,0,1,3,0,1
820,0,,10.0,3,2,27.9,5,0,1,3,0,6
821,1,,52.0,1,1,93.5,2,0,1,3,0,3
822,1,,27.0,0,0,8.6625,0,0,1,3,0,1
823,0,,38.0,0,0,0.0,0,0,1,3,0,1
824,1,,27.0,0,1,12.475,1,0,1,3,0,2
825,0,,2.0,4,1,39.6875,5,0,1,3,0,6
826,0,,29.69911764705882,0,0,6.95,0,1,0,3,0,1
827,0,,29.69911764705882,0,0,56.4958,0,0,1,3,0,1
828,1,,1.0,0,2,37.0042,2,0,0,2,0,3
829,1,,29.69911764705882,0,0,7.75,0,1,0,3,0,1
830,1,,62.0,0,0,80.0,0,0,1,3,0,1
831,1,,15.0,1,0,14.4542,1,0,0,3,0,2
832,1,,0.83,1,1,18.75,2,0,1,2,0,3
833,0,,29.69911764705882,0,0,7.2292,0,0,0,3,0,1
834,0,,23.0,0,0,7.8542,0,0,1,3,0,1
835,0,,18.0,0,0,8.3,0,0,1,3,0,1
836,1,,39.0,1,1,83.1583,2,0,0,3,0,3
837,0,,21.0,0,0,8.6625,0,0,1,3,0,1
838,0,,29.69911764705882,0,0,8.05,0,0,1,3,0,1
839,1,,32.0,0,0,56.4958,0,0,1,3,0,1
840,1,,29.69911764705882,0,0,29.7,0,0,0,3,0,1
841,0,,20.0,0,0,7.925,0,0,1,3,0,1
842,0,,16.0,0,0,10.5,0,0,1,2,0,1
843,1,,30.0,0,0,31.0,0,0,0,3,0,1
844,0,,34.5,0,0,6.4375,0,0,0,3,0,1
845,0,,17.0,0,0,8.6625,0,0,1,3,0,1
846,0,,42.0,0,0,7.55,0,0,1,3,0,1
847,0,,29.69911764705882,8,2,69.55,10,0,1,3,0,11
848,0,,35.0,0,0,7.8958,0,0,0,3,0,1
849,0,,28.0,0,1,33.0,1,0,1,2,0,2
850,1,,29.69911764705882,1,0,89.1042,1,0,0,3,0,2
851,0,,4.0,4,2,31.275,6,0,1,3,0,7
852,0,,74.0,0,0,7.775,0,0,1,3,0,1
853,0,,9.0,1,1,15.2458,2,0,0,3,0,3
854,1,,16.0,0,1,39.4,1,0,1,3,0,2
855,0,,44.0,1,0,26.0,1,0,1,2,0,2
856,1,,18.0,0,1,9.35,1,0,1,3,0,2
857,1,,45.0,1,1,164.8667,2,0,1,3,0,3
858,1,,51.0,0,0,26.55,0,0,1,3,0,1
859,1,,24.0,0,3,19.2583,3,0,0,3,0,4
860,0,,29.69911764705882,0,0,7.2292,0,0,0,3,0,1
861,0,,41.0,2,0,14.1083,2,0,1,3,0,3
862,0,,21.0,1,0,11.5,1,0,1,2,0,2
863,1,,48.0,0,0,25.9292,0,0,1,3,0,1
864,0,,29.69911764705882,8,2,69.55,10,0,1,3,0,11
865,0,,24.0,0,0,13.0,0,0,1,2,0,1
866,1,,42.0,0,0,13.0,0,0,1,2,0,1
867,1,,27.0,1,0,13.8583,1,0,0,2,0,2
868,0,,31.0,0,0,50.4958,0,0,1,3,0,1
869,0,,29.69911764705882,0,0,9.5,0,0,1,3,0,1
870,1,,4.0,1,1,11.1333,2,0,1,3,0,3
871,0,,26.0,0,0,7.8958,0,0,1,3,0,1
872,1,,47.0,1,1,52.5542,2,0,1,3,0,3
873,0,,33.0,0,0,5.0,0,0,1,3,0,1
874,0,,47.0,0,0,9.0,0,0,1,3,0,1
875,1,,28.0,1,0,24.0,1,0,0,2,0,2
876,1,,15.0,0,0,7.225,0,0,0,3,0,1
877,0,,20.0,0,0,9.8458,0,0,1,3,0,1
878,0,,19.0,0,0,7.8958,0,0,1,3,0,1
879,0,,29.69911764705882,0,0,7.8958,0,0,1,3,0,1
880,1,,56.0,0,1,83.1583,1,0,0,3,0,2
881,1,,25.0,0,1,26.0,1,0,1,2,0,2
882,0,,33.0,0,0,7.8958,0,0,1,3,0,1
883,0,,22.0,0,0,10.5167,0,0,1,3,0,1
884,0,,28.0,0,0,10.5,0,0,1,2,0,1
885,0,,25.0,0,0,7.05,0,0,1,3,0,1
886,0,,39.0,0,5,29.125,5,1,0,3,0,6
887,0,,27.0,0,0,13.0,0,0,1,2,0,1
888,1,,19.0,0,0,30.0,0,0,1,3,0,1
889,0,,29.69911764705882,1,2,23.45,3,0,1,3,0,4
890,1,,26.0,0,0,30.0,0,0,0,3,0,1
891,0,,32.0,0,0,7.75,0,1,0,3,0,1
